{"+zbbY4MVThGiL6kWiZM3pw==":"city%20signs%20logo%20original-122x112.png","rh1ecImTYQ/9cNLDsMf6pQ==":"city%20signs%20logo-132x122.png","biIK3iLGckwyAZHaXca+kg==":"city-signs-bg.gif","fqCbxGxI7fXht8uYWahlwA==":"maxresdefault-1280x720.jpg","Aa/y+S/kdfAlMggFLAYZ3g==":"asset%202-1280x732.png","0qO/dfDMMQsmjlDHTYtEqw==":"asset%205-1280x720.png","gSMNX40+FCRWDwvp4Ksclw==":"asset%204-1280x720.png","NyTqJv/D4DyaB8ZoQuGGQw==":"asset%203-1280x720.png","aEY3gdwSC7ajqU32ODgzww==":"background-1920x1080.png","kZxzIKAeUQctwpw7852w3g==":"logo-802x144.png","18A4xH6BmFBLNpTDduR7KQ==":"full%20logo-636x178.png","EAfEg9Uh7ngziN+2fnLKgg==":"logo-534x96.png","2Rl7R/OR1DDnWQ/UhEzcQw==":"full%20logo-636x178.png","t2uNi62gl1m85Cbe8krf6A==":"full%20logo-636x178.png","DFeYklbprktGIOXJm2lZBw==":"bg-1921x1345.png","sCxHo65FDxYAjj26YSxYfQ==":"bg-1970x1490.png","uvoq7RUj4sWre6tzg6XHyA==":"footer-1920x103.png","BnUN7FhB2g2TACpmuAAV4g==":"bg%202-1925x1273.png","tJk9zpkwvnIxh2WXplHTjg==":"bg%202-1925x1273.png","jUCsPxepZ3JxlHIBluLzTA==":"bg%202-1925x1273.png","/pQsYj/PlWDpbIyEuvQT+A==":"bg%202-1930x1273.png","q2nuQS1ul7RIRAygY+MW7w==":"bg%202-1930x1273.png","UNOL+WL9BRDlRzcLLciOeg==":"bg%202-1921x796.png","a1scqJIM2RobEq4CkzZprw==":"bg%203-1921x796.png","kpJ0fYyuB5NJRG16XUD8OQ==":"profile%20picture-698x698.jpg","c8leG6GqlYBdRO1csalkoQ==":"profile%20picture-698x698.jpg","K090c++dJvraSP/JmjGURQ==":"profile%20picture-698x698.jpg","K8qDaZssPX3Za7QM+LyytA==":"7039452-times-square-wallpaper-1920x1080.jpg","1MZgotW/fh8w1h2flqVqcQ==":"6829566-city-background-1600x1000.jpg","X5Ih4yrxamv+p0Cbj/pGPw==":"6888645-times-square-wallpaper-2000x1250.jpg","Dj1BF8Myzcr88xox1IcUaQ==":"img-20190513-wa0010-1280x960.jpg","ysaEqPDD1VHkF5Jt1VQGdg==":"6879514-city-background-1920x1080.jpg","9lyfsFwzUD13KfmIiJ8eOA==":"profile%20picture-698x698.jpg","UAc7kepzJPkrSn4uqTRvmw==":"background4-1.jpg","9b1PPYgnsK6XMu3cIcO9gQ==":"full%20logo-250x70.png","IMALELhI04IIsc6GRL68Ww==":"img-20190513-wa0033-1032x581.jpg","1T3eUM9Bc+PeCPFz21+XWw==":"img-20190513-wa0034-1032x581.jpg","qOz08NsCB1iSjITwhnIz6A==":"img-20190513-wa0034-1-1032x581.jpg","R2bSyBB7HSoj46Y/wAlVRw==":"img-20190513-wa0034-2-1032x581.jpg","hk5bUyZN5HPMYPvbeXmrNA==":"img-20190513-wa0011-1280x960.jpg","1cz4z6KT+VMLy8BwPvWSLQ==":"img-20190513-wa0011-1-1280x960.jpg","yBIiFNVQs8Te5OeQhuMIfA==":"a-2000x1192.jpg","0H2oSb5cnvP672phCv6i3g==":"img-20190513-wa0028-581x1032.jpg","4jN1voJj/n3ioywlYDEoVA==":"img-20190513-wa0028-1-581x1032.jpg","sDP3V52Cg5i4owj53QvRtA==":"img-20190513-wa0015-1280x960.jpg","pt8rwEUsHhCqk7MDxaU6WQ==":"img-20190513-wa0008-1280x960.jpg","gONhNRgvBL4oXFCXnVl8cw==":"img-20190513-wa0012-1280x960.jpg","oxXqeceGz0+abBJI3DkVpA==":"img-20190513-wa0009-1280x960.jpg","fuA9mczemmuWvhby3k1muA==":"img-20190513-wa0005-1280x960.jpg","bLWILdK6wmhPRzpRpRbJSg==":"img-20190513-wa0006-1280x960.jpg","SKlyYW+qSVSdQ/Y+oSxSkg==":"img-20190513-wa0007-1280x960.jpg","lWqrQqWQPqRcLscuUAU6Ag==":"img-20190513-wa0013-1280x960.jpg","nJexz9Swq0slvqRTYym16g==":"img-20190513-wa0017-960x1280.jpg","LwdnFQT8qASIHdbBOfWtNQ==":"img-20190513-wa0016-1280x960.jpg","UI24lGZkR9miLGVZzKF+Qg==":"img-20190513-wa0020-1280x960.jpg","v0c4P/q1M7M/y2n8Ovm90g==":"img-20190513-wa0017-1-960x1280.jpg","O/rMP51AJv+Bt6xSbHfZdw==":"img-20190513-wa0022-1280x960.jpg","ceIsJegDnag4x+0ar7MNoA==":"img-20190513-wa0027-1280x960.jpg","cGJUIks0Se/1CvC/VwWsJw==":"img-20190513-wa0032-1032x581.jpg","zXtNKQC9slZQ/77IvglYPg==":"wp_ss_20190518-7-720x1280.png","Ce+v3csBqasmCcAppzbyLw==":"wp_ss_20190518-8-720x1280.png","BwOAkTfegozo14CsiWlaFg==":"etched%20vinyl-597x267.png","KJUCO+o32+3qQ879LEp0rA==":"imagesylyra9l7-678x452.jpg","+chjn6uNvQLdTwJuFXACbA==":"goldcollection-500x700.jpg","SjeJZHhdezhtrv5dLg7wPw==":"window%20perf-597x246.png","q2A4Hi2BTe2oMrS4dSx1Rw==":"window%20perf-597x246.png","QBUrqnch54I4daIyDUuBRQ==":"dementianal%20letters-597x267.png","fpX4+bujKZi9W6J2WM22FQ==":"outdoor%20stickers-597x267.png","Ho62rGBuGtS/iVpPE+vVHQ==":"custom%20banners-597x267.png","ek2UBvvH9NnLhZqfoTdnoA==":"business%20cards-597x267.png","4BYPI3RHq+1E4bJ2teD+Ag==":"full%20wraps-597x267.png","qLXfkUDAnO38MmzAHA3MAQ==":"brochures-249x203.png","o6VmTbVSoxu1sqHEIkaDqw==":"flyers-183x275.png","E/c22fciA1CFQ8IA3AwDcQ==":"poster-597x267.png","pa5Dkwo/T1qgW/t0h+fQvA==":"background5.jpg","o9OxUtDT3pAzRgjWc+T0Zg==":"img-20190513-wa0011-2-1280x960.jpg","xvCTKF6Mdyuh2d1WAez1jg==":"img-20190513-wa0034-3-1032x581.jpg","9YGgzZu+7LJgo4GBohg/Vg==":"goldcollection-1-500x700.jpg","14MXGrTRrhLtl7v9Nv3yqg==":"img-20190513-wa0028-2-581x1032.jpg","/w+n7RZ7Zy8umHgKjcctxA==":"imagesylyra9l7-1-678x452.jpg","sf5X+labUJJDB+dWuGzC/w==":"goldcollection-345x391.png","PNh5jsxcXkH7Qlvni05E4w==":"indoor-249x282.png","wVxYco1kaav3lp+IU8ZmJA==":"indoor-1-249x282.png","cjHcaX03Qz2qM4FQ8n3Urw==":"imagesylyra9l7-2-678x452.jpg","uulYG7EEO1wA5T7tCM6C2Q==":"img-20190513-wa0012-1-1280x960.jpg","X/Gg9KxgbVIc6a1POz84jw==":"img-20190513-wa0011-3-1280x960.jpg","yv3yqvBZaozup5jyTCmqGg==":"img-20190513-wa0028-3-581x1032.jpg","0Wy4FByDiwiss4NtC6acww==":"img-20190513-wa0028-4-581x1032.jpg","BjQsPexrBhsENlm5FxxBWw==":"img-20190513-wa0028-5-581x1032.jpg","Ew6qSyqn0/teASexfivSOQ==":"img-20190513-wa0028-6-581x1032.jpg","SKd7TOaWqRMSspLVGBG41g==":"img-20190513-wa0028-7-581x1032.jpg","r+FpqGNEJqpUajZeRc7CRQ==":"img-20190513-wa0033-1-1032x581.jpg","CBrcABNm5CxK+wshDTcmwA==":"imagesylyra9l7-3-678x452.jpg","N3t3OgIxo4ZdMr1crowjYw==":"etched%20vinyl-597x267.png","LvfQ/kF32Kn3hg6nJIWjnA==":"flyers-760x504.png","SAZ8a+B3RJiYXExxgw/Uww==":"2.png","6jAJiYQqDhuPpwVvCkk/cg==":"5.png","eFcuBC02POB2tvyFmpwyoA==":"3.png","3Mx0GNYqiu916VUvsN+tgA==":"4.png","UmOqk0tlyaqlKURWeVqUwQ==":"1.png","mIIbxW0r7dEZSbMPwcoYdg==":"background2.jpg","lI6RreR7bi6sqbFleOkY7w==":"durban-south-africa-3-1692x950.jpg","rVH99SDRiHB18xB0Ztu7DQ==":"johannesburg-south-africa-night-johannesburg1117-1200x750.jpg","RTkFF8oxMfKLNuBtqQAVCQ==":"15826463.gif","EnFxf33Y4MT6vn9oJozPhg==":"download-223x171.jpg","eHi/RY5nC5A+78FnsBvk7w==":"lili-552x360.png","ysJpcq2hTg+SVPM/7VtMJg==":"logo%20(1)-298x180.png","r0sjUK2N6H4xdHSC9d+c/g==":"logo-351x194.jpg","nc86TRcncLmE8HLxDFUFLQ==":"muza_logo-160x105.png","cWH62GpVn+PPOfdfN6OaEQ==":"cust%201-305x200.png","jIdsk7QxvaOn2swGdperIQ==":"cust%202-331x200.png","x4ldHH0K6ZB0X2+kF91v6w==":"cust%203-362x200.png","jKQnWYl+8xj6+zr32xq3Mw==":"cust%204-305x200.png","eHvyPW868MqBXvU3cP0lIQ==":"cust%205-390x200.png","FFT1lcweLBVGAxdg6fF3Cg==":"cust%206-261x200.png","NMJi3vpAfOthp9C06YVVtg==":"brochures-150x150.png","e/hZQX/L6SJHiob/0ztcLg==":"brochures-300x300.png","eaJSQVYzxSi861LGYTBf3A==":"brochures-250x250.png","JPJkxHgbX5TdwxFR4bsffA==":"brochures-200x200.png","vjY44tJc/mlqKPDImVRwnw==":"brochures%202-597x267.png","BT4H4qvfqWAVHyxcjDYkYg==":"flyers-597x267.png","Wkt/ZvnLr3mt/0ECPSuusA==":"capricorn-400x200.png","YMs8dLkgTbPJiAZ3m1ow9g==":"letaba-400x200.png","2Wab8g27NbuR0Dp1qHTD0A==":"ledet-400x200.png","BEbjsdr6ryzLxBcpPF9Y3g==":"nthamed-400x200.png","VliBL0gyySQF20l+vFasfQ==":"tshirt-597x267.png","zZ04NECs3pWdBbmD6zP9+g==":"road%20signs-1281x961.png","m/GlQyvU36sVZqrDuV9XVg==":"contravision-1281x961.png","POFaIrWHQVsZph7B0VBaPA==":"lightbox-1281x961.png","kU0vrzOJVJBPb1z2eHPhIQ==":"etched-vinyl-1281x961.png","q5RJARUhG4bUtM8vZ8jdCw==":"rsigns-1281x961.png","kWmqHmTnECOZOo/FlpS/Qw==":"banners-1281x961.png","+mPLndcFSeu52qkvSihXrw==":"magnets-1281x961.png","k00uo56fLtOvEnJNmzE/RQ==":"img-20190513-wa0008-1-1280x960.jpg","vxnoZLOk51Ud1rWNWCnKJQ==":"brochures-598x268.png","B8i9kwerOjCC3EH+z6SzdQ==":"20180416-84058-2000x1500.jpg","s1FEAaqUrU8hotBXsj0daQ==":"20180416-84459-2000x1500.jpg","XUe5vDQM0ERw6r3kJfsZJg==":"20180419-122337-2000x1500.jpg","8+HFZhsS2pIX+8DwgXGXfQ==":"20180503-93843-2000x1500.jpg","bCbm3MzstEwPgDMR+7RgNg==":"20180908-130310-2000x1500.jpg","tx8WLpB29tOf1IVPFwF3/Q==":"20180921-141800-2000x1500.jpg","5JC9bHrwhAbtGQ59Sophpw==":"20180419-122609-2000x1500.jpg","EB2su9aIgeuR8Ft1K4oN6w==":"img-20190513-wa0023-1280x960.jpg","4OlmWyXA+3yCxn4Jf63dsA==":"g1-853x480.png","Qs8eOIzIlejQN3XxrUIB+Q==":"g2-853x640.png","Fnhn+KSJ38ongWjGwNzEEQ==":"g3-853x640.png","SgYaPDTmSO5JOH9+wrLJNw==":"g8-853x640.png","GuB9kYXyPzu2L7Kj6ubZWA==":"g4-853x640.png","/UfZ4+YXv5IoatUH1czCXA==":"g5-853x640.png","XCHyya5C120V1aObx3IzvQ==":"g6-853x640.png","Fkk9oK8pHLQOoUFIWOvVlg==":"g7-853x640.png","pXB2TpsIyk1cxn/tvl74ow==":"g2-853x480.png","bVDfAhVYyTyPzMGAbEGfmg==":"g3-853x480.png","wYYfo8ZObP6fE1lJpvflKg==":"g4-853x480.png","UQSrhF2M8TL7KcqiVRzdYg==":"g5-853x480.png","3oGl4DOjTlP8Qm1oRFFfRg==":"g6-853x480.png","uO2p/8OJ/OSz7y8VMC5kpA==":"g7-853x480.png","zuhLVK1obon6UP+dTpmLrA==":"g8-853x480.png"}